{"config": {"default_duration": 200, "default_fade": 0.9, "default_origins": [{"x": 0.1, "y": 1.0}, {"x": 0.9, "y": 1.0}], "default_particleCount": 100, "default_speed": 45, "default_spread": 70, "guide": "Configuration Guide for Confetti Reinforcement Add-on:\n\nGlobal Options:\n  - default_origins: A list of origins (x,y between 0 and 1) for all confetti bursts.\n       Default: [ {\"x\": 0.1, \"y\": 1.0}, {\"x\": 0.9, \"y\": 1.0} ]\n  - default_particleCount: Default number of particles (e.g., 100).\n  - default_spread: Default spread angle (e.g., 70).\n  - default_speed: Default start velocity (e.g., 45).\n  - default_duration: Default overall duration in ticks (e.g., 200).\n  - default_fade: Default fade duration (decay factor, e.g., 0.9).\n\nTriggers (each trigger's conditions are combined with logical AND):\n  1. 'Low retrievability & enough reps': prop:r < 0.40 AND prop:reps >= 3\n  2. 'Review card with high difficulty': is:review AND prop:d >= 0.90\n  3. 'Three consecutive \"again\"': last_n_again = 3\n  4. 'Overdue card with no recent \"again\"': prop:due < -24 AND last_n_again = 0\n  5. 'High difficulty on review': prop:d > 0.90 AND is:review\n  6. 'Very low retrievability': prop:r <= 0.30\n  7. 'Moderately overdue with no \"again\"': prop:due <= -15 AND last_n_again = 0\n  8. 'Extremely low ease with one \"again\"': prop:ease <= 1 AND last_n_again = 1\n  9. 'Mixed \"again\" or \"hard\" over last 4 reviews': last_n_again|hard = 4\n\nNote: Confetti is fired only if the card is rated 'good' or 'easy' (ease value 3 or 4) and the trigger conditions are met.", "play_success_sound": true, "success_sound": "/absolute/path/to/your/success_sound.wav", "triggers": [{"name": "Test", "conditions": {}, "pattern": {"particleCount": 150, "spread": 200, "speed": 60, "duration": 200, "fade": 0.75}}, {"conditions": {"prop:r": "< 0.40", "prop:reps": ">= 3"}, "name": "Low retrievability & enough reps", "pattern": {"duration": 220, "fade": 0.85, "particleCount": 150, "speed": 55, "spread": 120}}, {"conditions": {"is:review": true, "prop:d": ">= 0.90"}, "name": "Review card with high difficulty", "pattern": {"duration": 230, "fade": 0.8, "particleCount": 180, "speed": 50, "spread": 100}}, {"conditions": {"last_n_again": 3}, "name": "Three consecutive 'again'", "pattern": {"duration": 210, "fade": 0.9, "particleCount": 150, "speed": 55, "spread": 100}}, {"conditions": {"last_n_again": 0, "prop:due": "< -24"}, "name": "Overdue card with no recent 'again'", "pattern": {"duration": 250, "fade": 0.8, "particleCount": 200, "speed": 65, "spread": 120}}, {"conditions": {"is:review": true, "prop:d": "> 0.90"}, "name": "High difficulty on review", "pattern": {"duration": 200, "fade": 0.8, "particleCount": 180, "speed": 50, "spread": 90}}, {"conditions": {"prop:r": "<= 0.30"}, "name": "Very low retrievability", "pattern": {"duration": 210, "fade": 0.85, "particleCount": 160, "speed": 55, "spread": 100}}, {"conditions": {"last_n_again": 0, "prop:due": "<= -15"}, "name": "Moderately overdue with no 'again'", "pattern": {"duration": 200, "fade": 0.8, "particleCount": 180, "speed": 65, "spread": 120}}, {"conditions": {"last_n_again": 1, "prop:ease": "<= 1"}, "name": "Extremely low ease with one 'again'", "pattern": {"duration": 230, "fade": 0.9, "particleCount": 200, "speed": 65, "spread": 150}}, {"conditions": {"last_n_again|hard": 4}, "name": "Mixed 'again' or 'hard' over last 4 reviews", "pattern": {"duration": 240, "fade": 0.85, "particleCount": 190, "speed": 60, "spread": 130}}]}}